[{"_id":{"$oid":"69343921a99b79e4c197987f"},"name":"Wilson Pro Staff RF97 Autograph","description":"Professional 97-inch racket used by Roger Federer. Perfect for advanced players seeking maximum precision and control.","price":259.99,"brand":"Wilson","stock":5,"category":"rackets","images":["/images/Wilson_Pro_Staff_RF97_Autograph.jpg"],"active":true,"specifications":{"weight":"340g","balance":"310mm","length":"27 inches","head_size":"97 square inches","string_pattern":"16x19","beam_width":"21.5mm","stiffness":"68 RA"},"date":{"$date":"2025-12-06T14:09:37.233Z"},"gender":"unisex","average_rating":4.02,"comments":[{"_id":"69343922a99b79e4c19833fe","user_id":"6934391fa99b79e4c1978ec3","user_name":"Amaro Durán Diaz","text":"Políticos conocer decisión iba resultado dicho pedro unas garcía.","date":{"$date":"2025-12-06T14:09:38.9Z"},"likes":12,"rating":5},{"_id":"69343922a99b79e4c1982e68","user_id":"6934391fa99b79e4c1976a7e","user_name":"Jose Ramón Aragón Carpio","text":"Pasa saber dice jóvenes.","date":{"$date":"2025-12-06T14:09:38.855Z"},"likes":18,"rating":3},{"_id":"69343922a99b79e4c1980ab8","user_id":"6934391da99b79e4c196e7c3","user_name":"Jovita Vilaplana Aguiló","text":"Resultado pasó político su nada jorge quizá españa i sea luz cómo.","date":{"$date":"2025-12-06T14:09:38.483Z"},"likes":15,"rating":3},{"_id":"69343922a99b79e4c197f30a","user_id":"6934391fa99b79e4c1976628","user_name":"Ciríaco Mancebo Álvarez","text":"Música oficial niños aquellos.","date":{"$date":"2025-12-06T14:09:38.308Z"},"likes":10,"rating":3},{"_id":"69343922a99b79e4c197e971","user_id":"6934391ea99b79e4c1972783","user_name":"Lina Bru Mercader","text":"Llama cierta otro hombre haya comenzó ellos posibilidades cultural general objeto poner muchas porque han ver.","date":{"$date":"2025-12-06T14:09:38.234Z"},"likes":8,"rating":5}],"total_comments":1316,"total_ratings":1316},{"_id":{"$oid":"69343921a99b79e4c1979880"},"name":"Head Radical MP 2023","description":"Versatile and powerful racket, ideal for intermediate-advanced players seeking a balance between control and power.","price":189.99,"brand":"Head","stock":12,"category":"rackets","images":["/images/Head_Radical_MP_2023.jpg"],"active":true,"specifications":{"weight":"295g","balance":"320mm","length":"27 inches","head_size":"100 square inches","string_pattern":"16x19","beam_width":"23mm","stiffness":"70 RA"},"date":{"$date":"2025-12-06T14:09:37.236Z"},"gender":"unisex","average_rating":4.01,"comments":[{"_id":"69343922a99b79e4c1983461","user_id":"6934391ea99b79e4c1970e45","user_name":"Gabriela Arteaga-Reina","text":"Palabra base sino francisco gente manera.","date":{"$date":"2025-12-06T14:09:38.904Z"},"likes":13,"rating":4},{"_id":"69343922a99b79e4c1980fc2","user_id":"6934391ea99b79e4c197298c","user_name":"Rosario Calvo Carrasco","text":"Paso suficiente práctica puntos has mayor nadie e desde.","date":{"$date":"2025-12-06T14:09:38.553Z"},"likes":14,"rating":5},{"_id":"69343922a99b79e4c197fb37","user_id":"6934391fa99b79e4c1979038","user_name":"Eugenia Céspedes Muro","text":"Pone nuevos d expresión voluntad proceso ideas sin esta rey.","date":{"$date":"2025-12-06T14:09:38.371Z"},"likes":15,"rating":3},{"_id":"69343922a99b79e4c197f7e3","user_id":"6934391da99b79e4c196dee2","user_name":"Cirino Menéndez","text":"Noviembre b hace televisión concepto jorge.","date":{"$date":"2025-12-06T14:09:38.347Z"},"likes":9,"rating":5},{"_id":"69343922a99b79e4c197f70b","user_id":"6934391ea99b79e4c1971bf1","user_name":"Albina Torrents Andrés","text":"Sol fecha entrar gobierno ninguna voluntad intereses voy señora población diferentes las.","date":{"$date":"2025-12-06T14:09:38.342Z"},"likes":6,"rating":4}],"total_comments":1232,"total_ratings":1232},{"_id":{"$oid":"69343921a99b79e4c1979881"},"name":"Babolat Pure Drive 2023","description":"The world's most popular racket. Combines explosive power with great forgiveness, perfect for intermediate players.","price":219.99,"brand":"Babolat","stock":8,"category":"rackets","images":["/images/Babolat_Pure_Drive_2023.jpg"],"active":true,"specifications":{"weight":"300g","balance":"320mm","length":"27 inches","head_size":"100 square inches","string_pattern":"16x19","beam_width":"23-26mm","stiffness":"72 RA"},"date":{"$date":"2025-12-06T14:09:37.239Z"},"gender":"unisex","average_rating":4.0,"comments":[{"_id":"69343922a99b79e4c19839a9","user_id":"6934391fa99b79e4c197775b","user_name":"Alfonso Merino Carrión","text":"Volver plan esa ayer miedo.","date":{"$date":"2025-12-06T14:09:38.954Z"},"likes":5,"rating":5},{"_id":"69343922a99b79e4c19828c9","user_id":"6934391ea99b79e4c1971368","user_name":"Zacarías Arnaiz Valle","text":"Siguientes también hicieron hizo particular boca ha entre electoral libre somos.","date":{"$date":"2025-12-06T14:09:38.816Z"},"likes":3,"rating":4},{"_id":"69343922a99b79e4c1981347","user_id":"6934391da99b79e4c19702da","user_name":"Genoveva del Roig","text":"Junio domingo s acuerdo capaz enero desde dan veces creo alguien público.","date":{"$date":"2025-12-06T14:09:38.594Z"},"likes":11,"rating":3},{"_id":"69343922a99b79e4c1980a2a","user_id":"6934391da99b79e4c196d9fe","user_name":"Kike de Flor","text":"Unos informe política.","date":{"$date":"2025-12-06T14:09:38.48Z"},"likes":11,"rating":5},{"_id":"69343922a99b79e4c197fa49","user_id":"6934391ea99b79e4c197363e","user_name":"Clemente Muñoz Garrido","text":"Fácil exterior cuales josé efecto final entonces nuevas.","date":{"$date":"2025-12-06T14:09:38.364Z"},"likes":2,"rating":5}],"total_comments":1230,"total_ratings":1230},{"_id":{"$oid":"69343921a99b79e4c1979882"},"name":"Yonex EZONE 100 Blue","description":"Racket with great comfort and ball feel. Perfect for players seeking a smooth and powerful playing experience.","price":199.99,"brand":"Yonex","stock":6,"category":"rackets","images":["/images/Yonex_EZONE_100_Blue.jpg"],"active":true,"specifications":{"weight":"300g","balance":"320mm","length":"27 inches","head_size":"100 square inches","string_pattern":"16x19","beam_width":"23.8-26.5mm","stiffness":"65 RA"},"date":{"$date":"2025-12-06T14:09:37.242Z"},"gender":"unisex","average_rating":4.01,"comments":[{"_id":"69343922a99b79e4c198378c","user_id":"6934391ea99b79e4c1971753","user_name":"Natanael del Rios","text":"Personas luz marcha perdido futuro podría gran niño.","date":{"$date":"2025-12-06T14:09:38.93Z"},"likes":0,"rating":5},{"_id":"69343922a99b79e4c1983538","user_id":"6934391ea99b79e4c1973325","user_name":"Artemio Abril","text":"Cosas nuevo producto hubiera consumo más origen noche ojos estudios estilo rodríguez cantidad cuatro francia peso.","date":{"$date":"2025-12-06T14:09:38.91Z"},"likes":5,"rating":4},{"_id":"69343922a99b79e4c19834ba","user_id":"6934391ea99b79e4c1970e24","user_name":"Clotilde de Peralta","text":"Pasar cabo después animales punto podrá salir.","date":{"$date":"2025-12-06T14:09:38.907Z"},"likes":14,"rating":3},{"_id":"69343922a99b79e4c1982960","user_id":"6934391fa99b79e4c19771b1","user_name":"Segismundo de Palma","text":"Necesidad posible carácter estilo amor apoyo alrededor considera alto sido.","date":{"$date":"2025-12-06T14:09:38.82Z"},"likes":1,"rating":3},{"_id":"69343922a99b79e4c1980739","user_id":"6934391da99b79e4c196efb6","user_name":"Miguel Porras-Girona","text":"Última popular sabe partir hacia miembros propuesta.","date":{"$date":"2025-12-06T14:09:38.461Z"},"likes":2,"rating":5}],"total_comments":1290,"total_ratings":1290},{"_id":{"$oid":"69343921a99b79e4c1979883"},"name":"Wilson Clash 100 V2","description":"Revolutionary ultra-flexible racket that combines power and control. Ideal for beginner-intermediate players seeking comfort.","price":179.99,"brand":"Wilson","stock":8,"category":"rackets","images":["/images/Wilson_Clash_100_V2.jpg"],"active":true,"specifications":{"weight":"295g","balance":"315mm","length":"27 inches","head_size":"100 square inches","string_pattern":"16x19","beam_width":"24.5mm","stiffness":"55 RA"},"date":{"$date":"2025-12-06T14:09:37.245Z"},"gender":"unisex","average_rating":4.02,"comments":[{"_id":"69343922a99b79e4c198380e","user_id":"6934391da99b79e4c196fd6f","user_name":"Fabio del Cabañas","text":"Través derechos evitar como español siquiera miembros miguel semanas.","date":{"$date":"2025-12-06T14:09:38.937Z"},"likes":14,"rating":3},{"_id":"69343922a99b79e4c1982cbe","user_id":"6934391fa99b79e4c19768d4","user_name":"Luis Amo Soriano","text":"Todavía solución energía nuestra tipo cinco verdad meses ciento son cosa te acto.","date":{"$date":"2025-12-06T14:09:38.843Z"},"likes":13,"rating":5},{"_id":"69343922a99b79e4c1982ca3","user_id":"6934391fa99b79e4c1975cb0","user_name":"Andrés Felipe Mayoral","text":"Respecto reunión lleva buen riesgo nuevos estaban grupo hospital salida llamado información afirmó ministerio.","date":{"$date":"2025-12-06T14:09:38.842Z"},"likes":15,"rating":3},{"_id":"69343922a99b79e4c1982486","user_id":"6934391ea99b79e4c1972953","user_name":"Encarnación Navarro Haro","text":"Realidad diferencia concepto destino le sería mayoría educación veces iglesia.","date":{"$date":"2025-12-06T14:09:38.782Z"},"likes":16,"rating":4},{"_id":"69343922a99b79e4c1980dd2","user_id":"6934391fa99b79e4c1976657","user_name":"Nerea Ballesteros","text":"Color lenguaje carne atrás pequeña se hacía varias siendo popular internacional.","date":{"$date":"2025-12-06T14:09:38.531Z"},"likes":20,"rating":3}],"total_comments":1328,"total_ratings":1328},{"_id":{"$oid":"69343921a99b79e4c1979884"},"name":"Nike Court Zoom Vapor Pro","description":"High-performance shoes for clay courts. Designed for players who need maximum traction on slow surfaces.","price":129.99,"brand":"Nike","gender":"unisex","category":"shoes","color":"white/blue","images":["/images/Nike_Court_Zoom_Vapor_Pro.jpg"],"active":true,"sizes":["40","41","42","43","44"],"stocks":[{"size":"40","stock":5},{"size":"41","stock":10},{"size":"42","stock":12},{"size":"43","stock":8},{"size":"44","stock":3}],"specifications":{"surface":"clay court","sole_type":"herringbone","technology":"Zoom Air","upper_material":"synthetic mesh","support":"medium-high","weight":"350g"},"date":{"$date":"2025-12-06T14:09:37.248Z"},"average_rating":4.03,"comments":[{"_id":"69343922a99b79e4c1983787","user_id":"6934391ea99b79e4c1972da4","user_name":"Pepe Cerdán Hervia","text":"Tu otro libro santiago elementos europea único.","date":{"$date":"2025-12-06T14:09:38.93Z"},"likes":2,"rating":4},{"_id":"69343922a99b79e4c19816aa","user_id":"6934391fa99b79e4c1974829","user_name":"Yolanda Pla Chaves","text":"Luis hablar llamado fuera productos tales seguro siete europa c unos técnica.","date":{"$date":"2025-12-06T14:09:38.634Z"},"likes":10,"rating":3},{"_id":"69343922a99b79e4c1980c73","user_id":"6934391fa99b79e4c1974a76","user_name":"Odalis Almazán Ramos","text":"G todas industria considera manos destino asociación siglo mujer fuerte salir diferencia dado consecuencia.","date":{"$date":"2025-12-06T14:09:38.51Z"},"likes":14,"rating":3},{"_id":"69343922a99b79e4c1980a40","user_id":"6934391ea99b79e4c1974270","user_name":"Álvaro Manrique Ballesteros","text":"Cerca perdido habían.","date":{"$date":"2025-12-06T14:09:38.48Z"},"likes":8,"rating":4},{"_id":"69343922a99b79e4c197e4e0","user_id":"6934391da99b79e4c196ddb8","user_name":"Damián del Abril","text":"Bajo noviembre más aquellas diario.","date":{"$date":"2025-12-06T14:09:38.197Z"},"likes":0,"rating":5}],"total_comments":1303,"total_ratings":1303},{"_id":{"$oid":"69343921a99b79e4c1979885"},"name":"Adidas Barricade 13","description":"Maximum durability and stability for aggressive players. Ideal for hard courts with intense play.","price":139.99,"brand":"Adidas","gender":"unisex","category":"shoes","color":"black/red","images":["/images/Adidas_Barricade_13.jpg"],"active":true,"sizes":["40","41","42","43","44"],"stocks":[{"size":"40","stock":5},{"size":"41","stock":10},{"size":"42","stock":12},{"size":"43","stock":8},{"size":"44","stock":3}],"specifications":{"surface":"hard court","sole_type":"omni","technology":"Boost","upper_material":"Adituff","support":"high","weight":"420g"},"date":{"$date":"2025-12-06T14:09:37.251Z"},"average_rating":4.01,"comments":[{"_id":"69343922a99b79e4c1982891","user_id":"6934391ea99b79e4c197398d","user_name":"Norberto Herrero Solana","text":"Título américa sola mujeres menor problema pequeña jorge visita grupos eran manera cámara mejor produce período.","date":{"$date":"2025-12-06T14:09:38.814Z"},"likes":0,"rating":3},{"_id":"69343922a99b79e4c198182a","user_id":"6934391da99b79e4c196e2c1","user_name":"Concha Díaz","text":"Noviembre diferencia c unidos sangre menos.","date":{"$date":"2025-12-06T14:09:38.652Z"},"likes":18,"rating":4},{"_id":"69343922a99b79e4c19817b4","user_id":"6934391fa99b79e4c197752e","user_name":"Calixto Hurtado Garrido","text":"Animales cual democracia fue u industria natural aquellas.","date":{"$date":"2025-12-06T14:09:38.646Z"},"likes":20,"rating":3},{"_id":"69343922a99b79e4c198110a","user_id":"6934391ea99b79e4c1970973","user_name":"Gema Seguí Bayo","text":"Produce fácil i diversos oficial través juez boca crecimiento zona.","date":{"$date":"2025-12-06T14:09:38.568Z"},"likes":19,"rating":5},{"_id":"69343922a99b79e4c1980afa","user_id":"6934391da99b79e4c196fe3b","user_name":"Domingo Benet Valentín","text":"Trabajar ayuda madre modelo quién riesgo.","date":{"$date":"2025-12-06T14:09:38.486Z"},"likes":18,"rating":3}],"total_comments":1269,"total_ratings":1269},{"_id":{"$oid":"69343921a99b79e4c1979886"},"name":"Asics Gel-Resolution 9","description":"Exceptional comfort with GEL cushioning. Perfect for long training sessions on any surface.","price":119.99,"brand":"Asics","gender":"unisex","category":"shoes","color":"navy blue/white","images":["/images/Asics_Gel-Resolution_9.jpg"],"active":true,"sizes":["40","41","42","43","44"],"stocks":[{"size":"40","stock":5},{"size":"41","stock":10},{"size":"42","stock":12},{"size":"43","stock":8},{"size":"44","stock":3}],"specifications":{"surface":"all","sole_type":"multi-purpose","technology":"GEL in heel and forefoot","upper_material":"technical mesh","support":"medium","weight":"380g"},"date":{"$date":"2025-12-06T14:09:37.254Z"},"average_rating":4.0,"comments":[{"_id":"69343922a99b79e4c1980daf","user_id":"6934391ea99b79e4c1974517","user_name":"Caridad Durán Amo","text":"Actitud derecho gobierno cultura aquellas instituciones permite seguridad llega modelo arriba nosotros.","date":{"$date":"2025-12-06T14:09:38.529Z"},"likes":3,"rating":5},{"_id":"69343922a99b79e4c1980517","user_id":"6934391fa99b79e4c197849c","user_name":"Victor Manuel Domingo Novoa Gimeno","text":"Sala servicio día plazo jamás tratamiento nuevas.","date":{"$date":"2025-12-06T14:09:38.443Z"},"likes":14,"rating":4},{"_id":"69343922a99b79e4c198009e","user_id":"6934391da99b79e4c196de1a","user_name":"Florencio Cobos Morera","text":"Mejor todos corte podemos posición estructura adelante etc acciones francisco.","date":{"$date":"2025-12-06T14:09:38.411Z"},"likes":6,"rating":4},{"_id":"69343922a99b79e4c1980007","user_id":"6934391fa99b79e4c19758a8","user_name":"Anselma Donaire Ibarra","text":"Popular otras derechos pueda pasado queda vamos energía nosotros sistemas cambio necesidad práctica.","date":{"$date":"2025-12-06T14:09:38.407Z"},"likes":3,"rating":3},{"_id":"69343922a99b79e4c197f7e6","user_id":"6934391fa99b79e4c1975b8a","user_name":"Julieta Ribera Riquelme","text":"Será hijo señor político vez voz ambiente empresa fuera electoral cuyo era izquierda tendrá millones.","date":{"$date":"2025-12-06T14:09:38.347Z"},"likes":7,"rating":5}],"total_comments":1275,"total_ratings":1275},{"_id":{"$oid":"69343921a99b79e4c1979887"},"name":"Nike Court Air Zoom Vapor Cage 4","description":"Versatile shoes with reinforced lateral support. Designed for female players seeking agility and quick response.","price":134.99,"brand":"Nike","gender":"unisex","category":"shoes","color":"white/pink","images":["/images/Nike_Court_Air_Zoom_Vapor_Cage_4.jpg"],"active":true,"sizes":["36","37","38","39","40"],"stocks":[{"size":"36","stock":5},{"size":"37","stock":10},{"size":"38","stock":12},{"size":"39","stock":8},{"size":"40","stock":3}],"specifications":{"surface":"hard court","sole_type":"durable hard","technology":"Zoom Air","upper_material":"synthetic leather","support":"high","weight":"340g"},"date":{"$date":"2025-12-06T14:09:37.257Z"},"average_rating":3.99,"comments":[{"_id":"69343922a99b79e4c197f573","user_id":"6934391da99b79e4c196f819","user_name":"Joaquín Ródenas Cobo","text":"Libros contenido salud aparece ejército peso hacia.","date":{"$date":"2025-12-06T14:09:38.33Z"},"likes":8,"rating":5},{"_id":"69343922a99b79e4c197f16b","user_id":"6934391fa99b79e4c19778fa","user_name":"Lupe Luján-Cadenas","text":"Ocho busca josé cantidad incluso tiempo campaña sería todo mejores ni médico seis mil puesto principios cualquier económico ésta llamado enfermedad.","date":{"$date":"2025-12-06T14:09:38.296Z"},"likes":0,"rating":3},{"_id":"69343922a99b79e4c197f15e","user_id":"6934391ea99b79e4c197167f","user_name":"Angelita Piñol Fuster","text":"Habían plan información.","date":{"$date":"2025-12-06T14:09:38.296Z"},"likes":14,"rating":5},{"_id":"69343922a99b79e4c197ef53","user_id":"6934391da99b79e4c196f9fe","user_name":"Dulce Llobet","text":"Españoles desarrollo parís cuestión campo baja américa españa humana toda paz.","date":{"$date":"2025-12-06T14:09:38.279Z"},"likes":10,"rating":4},{"_id":"69343922a99b79e4c197e794","user_id":"6934391fa99b79e4c1977d34","user_name":"Julio Pagès Morell","text":"Luis importantes buena mejor demasiado viene ellos amor gracias allá nombre lo general duda.","date":{"$date":"2025-12-06T14:09:38.221Z"},"likes":1,"rating":5}],"total_comments":1314,"total_ratings":1314},{"_id":{"$oid":"69343921a99b79e4c1979888"},"name":"Adidas SoleCourt Boost","description":"Exceptional energy return with Boost technology. Perfect for female players of all levels on clay courts.","price":109.99,"brand":"Adidas","gender":"unisex","category":"shoes","color":"purple/white","images":["/images/Adidas_SoleCourt_Boost.jpg"],"active":true,"sizes":["36","37","38","39","40"],"stocks":[{"size":"36","stock":5},{"size":"37","stock":10},{"size":"38","stock":12},{"size":"39","stock":8},{"size":"40","stock":3}],"specifications":{"surface":"clay court","sole_type":"herringbone","technology":"Boost","upper_material":"breathable textile","support":"medium","weight":"330g"},"date":{"$date":"2025-12-06T14:09:37.26Z"},"average_rating":3.98,"comments":[{"_id":"69343922a99b79e4c198347c","user_id":"6934391fa99b79e4c1976e40","user_name":"Gabriel Hervás Andrés","text":"Contra capaz importancia n demás.","date":{"$date":"2025-12-06T14:09:38.905Z"},"likes":7,"rating":5},{"_id":"69343922a99b79e4c19832ab","user_id":"6934391fa99b79e4c1978346","user_name":"Gil Almagro Arrieta","text":"Cuerpo lugar grado público ocasión banco no cierta tribunal había cuales solamente ciento.","date":{"$date":"2025-12-06T14:09:38.891Z"},"likes":18,"rating":4},{"_id":"69343922a99b79e4c1983041","user_id":"6934391ea99b79e4c197340f","user_name":"Luis Ángel Reinaldo Cabrera López","text":"También puntos especialmente cultura hecho será francisco permite.","date":{"$date":"2025-12-06T14:09:38.869Z"},"likes":20,"rating":4},{"_id":"69343922a99b79e4c19825fd","user_id":"6934391fa99b79e4c1978f28","user_name":"Leire Uribe Quintero","text":"Alguna llegar sido idea felipe se estaban.","date":{"$date":"2025-12-06T14:09:38.796Z"},"likes":11,"rating":3},{"_id":"69343922a99b79e4c1982312","user_id":"6934391da99b79e4c196d7a0","user_name":"Esperanza Piña","text":"Quienes niños capacidad rodríguez proyectos bien e.","date":{"$date":"2025-12-06T14:09:38.771Z"},"likes":18,"rating":4}],"total_comments":1304,"total_ratings":1304},{"_id":{"$oid":"69343921a99b79e4c1979889"},"name":"New Balance Fresh Foam Lav V2","description":"Lightness and premium cushioning. Ideal for female players who prioritize comfort without sacrificing performance.","price":124.99,"brand":"New Balance","gender":"unisex","category":"shoes","color":"coral/gray","images":["/images/New_Balance_Fresh_Foam_Lav_V2.jpg"],"active":true,"sizes":["36","37","38","39","40"],"stocks":[{"size":"36","stock":5},{"size":"37","stock":10},{"size":"38","stock":12},{"size":"39","stock":8},{"size":"40","stock":3}],"specifications":{"surface":"all","sole_type":"non-marking","technology":"Fresh Foam","upper_material":"Hypoknit mesh","support":"low-medium","weight":"310g"},"date":{"$date":"2025-12-06T14:09:37.263Z"},"average_rating":4.04,"comments":[{"_id":"69343922a99b79e4c1982eca","user_id":"6934391da99b79e4c1970167","user_name":"Seve Villaverde-Bustos","text":"Manera medio persona cargo.","date":{"$date":"2025-12-06T14:09:38.857Z"},"likes":9,"rating":4},{"_id":"69343922a99b79e4c19819eb","user_id":"6934391da99b79e4c196dc0b","user_name":"Fabricio Hervia Blazquez","text":"Sola humano teoría director queda acciones francia mi ciudad difícil mayo costa unión.","date":{"$date":"2025-12-06T14:09:38.673Z"},"likes":20,"rating":3},{"_id":"69343922a99b79e4c19819c4","user_id":"6934391fa99b79e4c1978daf","user_name":"Ruy Borrás Codina","text":"Sobre campo habría en cambios central millones aquellos mantener proyecto temas creo hicieron perdido.","date":{"$date":"2025-12-06T14:09:38.672Z"},"likes":15,"rating":3},{"_id":"69343922a99b79e4c198127a","user_id":"6934391fa99b79e4c1977a87","user_name":"Reynaldo Pou-Anaya","text":"Cosas vida hijos grupos sea capaz fuera niños ya debido felipe reforma.","date":{"$date":"2025-12-06T14:09:38.584Z"},"likes":2,"rating":4},{"_id":"69343922a99b79e4c19808ba","user_id":"6934391fa99b79e4c1979215","user_name":"Trinidad Casares Salom","text":"Baja no quiere torno técnica.","date":{"$date":"2025-12-06T14:09:38.471Z"},"likes":12,"rating":3}],"total_comments":1326,"total_ratings":1326},{"_id":{"$oid":"69343921a99b79e4c197988a"},"name":"Nike Court Advantage Dri-FIT Cap","description":"Classic tennis cap with Dri-FIT technology to keep your head cool and dry during play.","price":24.99,"brand":"Nike","gender":"unisex","stock":35,"category":"caps","color":"black","images":["/images/Nike_Court_Advantage_Dri-FIT_Cap.jpg"],"active":true,"specifications":{"type":"baseball","adjustment":"adjustable back strap","material":"100% recycled polyester","technology":"Dri-FIT","uv_protection":"UPF 40+","visor":"preformed curved","breathable":true},"date":{"$date":"2025-12-06T14:09:37.265Z"},"average_rating":4.01,"comments":[{"_id":"69343922a99b79e4c198371e","user_id":"6934391ea99b79e4c197440a","user_name":"Ariel de Sureda","text":"Les ejército mar sí posible.","date":{"$date":"2025-12-06T14:09:38.926Z"},"likes":9,"rating":3},{"_id":"69343922a99b79e4c1982016","user_id":"6934391fa99b79e4c1976f9c","user_name":"Cesar Baquero","text":"Dado pone de todos.","date":{"$date":"2025-12-06T14:09:38.743Z"},"likes":2,"rating":5},{"_id":"69343922a99b79e4c1980a68","user_id":"6934391ea99b79e4c19720c2","user_name":"Mateo Marco-Jordán","text":"Cuadro estaban autoridades caso corte.","date":{"$date":"2025-12-06T14:09:38.481Z"},"likes":13,"rating":4},{"_id":"69343922a99b79e4c198045e","user_id":"6934391fa99b79e4c1979353","user_name":"Leonardo Arrieta Chico","text":"Proyectos nuevos ser acción tratamiento buen apenas aparece aun fiscal decisión últimos camino.","date":{"$date":"2025-12-06T14:09:38.437Z"},"likes":16,"rating":4},{"_id":"69343922a99b79e4c198033b","user_id":"6934391ea99b79e4c1972a30","user_name":"Loida Roura Alberola","text":"Derecho julio doctor quería operación cuenta estar último sido.","date":{"$date":"2025-12-06T14:09:38.429Z"},"likes":15,"rating":3}],"total_comments":1275,"total_ratings":1275},{"_id":{"$oid":"69343921a99b79e4c197988b"},"name":"Adidas Aeroready Baseball Cap","description":"Lightweight cap with moisture-wicking technology. Perfect for intense training under the sun.","price":19.99,"brand":"Adidas","gender":"unisex","stock":42,"category":"caps","color":"white","images":["/images/Adidas_Aeroready_Baseball_Cap.jpg"],"active":true,"specifications":{"type":"baseball","adjustment":"velcro strap","material":"recycled polyester","technology":"AEROREADY","uv_protection":"UPF 50+","visor":"curved","breathable":true},"date":{"$date":"2025-12-06T14:09:37.267Z"},"average_rating":3.99,"comments":[{"_id":"69343922a99b79e4c198126d","user_id":"6934391fa99b79e4c197749e","user_name":"Poncio Cuadrado Moya","text":"Señaló otro través apoyo unas arte jorge seguridad.","date":{"$date":"2025-12-06T14:09:38.584Z"},"likes":11,"rating":4},{"_id":"69343922a99b79e4c197ff2d","user_id":"6934391fa99b79e4c19760e8","user_name":"David Tejero Contreras","text":"Entonces felipe principales valores considera.","date":{"$date":"2025-12-06T14:09:38.399Z"},"likes":2,"rating":4},{"_id":"69343922a99b79e4c197f8e7","user_id":"6934391da99b79e4c196ffd3","user_name":"Leandro Hector Estévez Rios","text":"Hoy seguro sectores camino.","date":{"$date":"2025-12-06T14:09:38.355Z"},"likes":3,"rating":3},{"_id":"69343922a99b79e4c197eec1","user_id":"6934391ea99b79e4c19728ad","user_name":"Mayte Yáñez Landa","text":"Juego base tres instituciones sé pedro dólares joven tampoco libros desarrollo.","date":{"$date":"2025-12-06T14:09:38.275Z"},"likes":15,"rating":3},{"_id":"69343922a99b79e4c197eebe","user_id":"6934391ea99b79e4c197104a","user_name":"Victoriano Botella Ballesteros","text":"Para siendo dinero actual dejar luis estoy ir formación.","date":{"$date":"2025-12-06T14:09:38.275Z"},"likes":6,"rating":4}],"total_comments":1260,"total_ratings":1260},{"_id":{"$oid":"69343921a99b79e4c197988c"},"name":"Wilson Tour Performance Visor","description":"Ultra-lightweight sports visor that keeps the sun out of your eyes without heating your head.","price":16.99,"brand":"Wilson","gender":"unisex","stock":28,"category":"caps","color":"navy blue","images":["/images/Wilson_Tour_Performance_Visor.jpg"],"active":true,"specifications":{"type":"visor","adjustment":"adjustable elastic band","material":"polyester with mesh","technology":"moisture wicking","uv_protection":"UPF 30+","visor":"wide and rigid","breathable":true},"date":{"$date":"2025-12-06T14:09:37.271Z"},"average_rating":3.98,"comments":[{"_id":"69343922a99b79e4c1983094","user_id":"6934391fa99b79e4c19794f0","user_name":"Cintia de Borrego","text":"Les nuevos cuarto cierto instituciones gracias debe primera torno podía rafael sangre formación.","date":{"$date":"2025-12-06T14:09:38.871Z"},"likes":9,"rating":4},{"_id":"69343922a99b79e4c1980712","user_id":"6934391fa99b79e4c19749d7","user_name":"Jimena Heredia Bayo","text":"Le debido otro real banco condiciones sobre seguro ese salida comenzó dejó.","date":{"$date":"2025-12-06T14:09:38.46Z"},"likes":6,"rating":3},{"_id":"69343922a99b79e4c19805a8","user_id":"6934391ea99b79e4c1971b13","user_name":"Esteban Solana Miró","text":"Existen proyectos pasado importancia natural éxito.","date":{"$date":"2025-12-06T14:09:38.447Z"},"likes":15,"rating":4},{"_id":"69343922a99b79e4c198009c","user_id":"6934391ea99b79e4c1972ef7","user_name":"Narciso Abad Tur","text":"Pregunta mucha especie vía siete uno peor ya año meses podría pronto construcción cabeza tras.","date":{"$date":"2025-12-06T14:09:38.411Z"},"likes":17,"rating":4},{"_id":"69343922a99b79e4c197fb27","user_id":"6934391fa99b79e4c1976e2f","user_name":"Íngrid Huerta-Alegre","text":"Derecho siendo nosotros sino han misma estamos siguiente miembros costa nos sector.","date":{"$date":"2025-12-06T14:09:38.371Z"},"likes":8,"rating":5}],"total_comments":1284,"total_ratings":1284},{"_id":{"$oid":"69343921a99b79e4c197988d"},"name":"Wilson US Open Extra Duty","description":"Official US Open balls for hard courts. Maximum durability and bounce consistency.","price":4.99,"brand":"Wilson","stock":150,"category":"balls","images":["/images/Wilson_US_Open_Extra_Duty.jpg"],"active":true,"specifications":{"units":3,"type":"extra duty","surface":"hard court","pressure":"pressurized","approval":"ITF","color":"yellow","felt":"extra thick weave"},"date":{"$date":"2025-12-06T14:09:37.274Z"},"gender":"unisex","average_rating":4.01,"comments":[{"_id":"69343922a99b79e4c19832cf","user_id":"6934391ea99b79e4c1972dc8","user_name":"Amado Plana Leon","text":"Demás paciente campaña presente visto electoral sociedad cultura.","date":{"$date":"2025-12-06T14:09:38.892Z"},"likes":18,"rating":4},{"_id":"69343922a99b79e4c19829a7","user_id":"6934391fa99b79e4c19762ea","user_name":"Celso Cobo Crespi","text":"Estar distintos construcción centros algún minutos ciudad.","date":{"$date":"2025-12-06T14:09:38.822Z"},"likes":11,"rating":4},{"_id":"69343922a99b79e4c198212b","user_id":"6934391fa99b79e4c1974c7c","user_name":"Odalys Porras","text":"Cada llegó respuesta madre etapa claro pesetas.","date":{"$date":"2025-12-06T14:09:38.753Z"},"likes":14,"rating":4},{"_id":"69343922a99b79e4c19804da","user_id":"6934391fa99b79e4c1977cc4","user_name":"Andrés Escrivá Blanco","text":"Recuerdo defensa nuestras.","date":{"$date":"2025-12-06T14:09:38.441Z"},"likes":14,"rating":5},{"_id":"69343922a99b79e4c198048e","user_id":"6934391da99b79e4c196fc1f","user_name":"Jerónimo Orozco Arteaga","text":"Última ellos sea sido razón servicio deben.","date":{"$date":"2025-12-06T14:09:38.439Z"},"likes":4,"rating":5}],"total_comments":1277,"total_ratings":1277},{"_id":{"$oid":"69343921a99b79e4c197988e"},"name":"Head ATP Official","description":"Official ATP tour balls. Perfect for all types of surfaces and skill levels.","price":5.49,"brand":"Head","stock":120,"category":"balls","images":["/images/Head_ATP_Official.jpg"],"active":true,"specifications":{"units":4,"type":"regular duty","surface":"all","pressure":"pressurized","approval":"ITF","color":"yellow","felt":"SmartOptik"},"date":{"$date":"2025-12-06T14:09:37.277Z"},"gender":"unisex","average_rating":4.04,"comments":[{"_id":"69343922a99b79e4c19832a1","user_id":"6934391da99b79e4c196f0ec","user_name":"Oriana Carreras Blanca","text":"Líder palabras juez quiere cuestión diez ciento dio por mayor.","date":{"$date":"2025-12-06T14:09:38.89Z"},"likes":19,"rating":5},{"_id":"69343922a99b79e4c198266e","user_id":"6934391fa99b79e4c1976eda","user_name":"Cayetano Becerra","text":"Crecimiento es niños otro universidad joven propios derechos animales europa hablar.","date":{"$date":"2025-12-06T14:09:38.798Z"},"likes":6,"rating":5},{"_id":"69343922a99b79e4c1982550","user_id":"6934391fa99b79e4c1979445","user_name":"Chucho Manuel Gras","text":"Cabo ii elecciones idea santiago principales hijo uso mayor lugar unos.","date":{"$date":"2025-12-06T14:09:38.79Z"},"likes":5,"rating":3},{"_id":"69343922a99b79e4c19818db","user_id":"6934391ea99b79e4c197228a","user_name":"Mohamed Menendez Agudo","text":"Miedo concepto muerte buenos algo grupo boca.","date":{"$date":"2025-12-06T14:09:38.66Z"},"likes":15,"rating":5},{"_id":"69343922a99b79e4c19811b7","user_id":"6934391fa99b79e4c1976ba6","user_name":"Eduardo Cruz Egea","text":"Vino problemas hicieron nacional calle voz producto resulta cuales menor.","date":{"$date":"2025-12-06T14:09:38.576Z"},"likes":11,"rating":3}],"total_comments":1250,"total_ratings":1250},{"_id":{"$oid":"69343921a99b79e4c197988f"},"name":"Dunlop Fort All Court","description":"Excellent value for money. Ideal for training on any surface.","price":3.99,"brand":"Dunlop","stock":200,"category":"balls","images":["/images/Dunlop_Fort_All_Court.jpg"],"active":true,"specifications":{"units":4,"type":"all court","surface":"all","pressure":"pressurized","approval":"ITF","color":"yellow","felt":"HD Core"},"date":{"$date":"2025-12-06T14:09:37.279Z"},"gender":"unisex","average_rating":3.99,"comments":[{"_id":"69343922a99b79e4c1983885","user_id":"6934391ea99b79e4c19715a7","user_name":"Irene Dorita Guardia Díaz","text":"Sólo cuando hubo queda tribunal aunque semanas.","date":{"$date":"2025-12-06T14:09:38.942Z"},"likes":11,"rating":3},{"_id":"69343922a99b79e4c198371a","user_id":"6934391fa99b79e4c1974b59","user_name":"Balduino Roberto Antúnez Romeu","text":"María menos buscar gracias.","date":{"$date":"2025-12-06T14:09:38.926Z"},"likes":6,"rating":5},{"_id":"69343922a99b79e4c19835cc","user_id":"6934391da99b79e4c196e2d2","user_name":"Aarón Suarez Cano","text":"Habían modo adelante resultados hacía largo segunda.","date":{"$date":"2025-12-06T14:09:38.915Z"},"likes":10,"rating":3},{"_id":"69343922a99b79e4c1983561","user_id":"6934391ea99b79e4c19720f3","user_name":"Ainoa del Palomo","text":"Militares campo sala unos pudo.","date":{"$date":"2025-12-06T14:09:38.911Z"},"likes":12,"rating":5},{"_id":"69343922a99b79e4c1983502","user_id":"6934391fa99b79e4c1976821","user_name":"Sigfrido Domingo Río Arenas","text":"Dicho fuentes problemas imposible necesario n.","date":{"$date":"2025-12-06T14:09:38.908Z"},"likes":10,"rating":5}],"total_comments":1287,"total_ratings":1287},{"_id":{"$oid":"69343921a99b79e4c1979890"},"name":"Babolat Gold Championship","description":"Premium balls for clay courts. Exceptional durability on clay.","price":5.99,"brand":"Babolat","stock":90,"category":"balls","images":["/images/Babolat_Gold_Championship.jpg"],"active":true,"specifications":{"units":4,"type":"championship","surface":"clay court","pressure":"pressurized","approval":"ITF and FFT","color":"yellow","felt":"Tex3Tech"},"date":{"$date":"2025-12-06T14:09:37.282Z"},"gender":"unisex","average_rating":4.0,"comments":[{"_id":"69343922a99b79e4c1983abb","user_id":"6934391fa99b79e4c197469b","user_name":"María Jesús Rius Arévalo","text":"Podía deja pequeña tribunal luego todos hermano.","date":{"$date":"2025-12-06T14:09:38.963Z"},"likes":12,"rating":4},{"_id":"69343922a99b79e4c1982ec0","user_id":"6934391ea99b79e4c1972f39","user_name":"Clementina de Vidal","text":"Diferencia generales elementos manera ni pasar.","date":{"$date":"2025-12-06T14:09:38.857Z"},"likes":19,"rating":5},{"_id":"69343922a99b79e4c1982765","user_id":"6934391ea99b79e4c1974350","user_name":"Candelas Pellicer Ibarra","text":"Militares casa teatro estamos haya fuego tres mayor j tribunal club tanto cuerpo hubo ante precio.","date":{"$date":"2025-12-06T14:09:38.805Z"},"likes":7,"rating":5},{"_id":"69343922a99b79e4c1981dcd","user_id":"6934391da99b79e4c196db7f","user_name":"Julio Rebollo","text":"Podría segundo tarde aquellas sido.","date":{"$date":"2025-12-06T14:09:38.719Z"},"likes":6,"rating":5},{"_id":"69343922a99b79e4c1980934","user_id":"6934391fa99b79e4c1976d43","user_name":"Virginia Giménez Arroyo","text":"Calle atención están hubo.","date":{"$date":"2025-12-06T14:09:38.474Z"},"likes":8,"rating":5}],"total_comments":1269,"total_ratings":1269},{"_id":{"$oid":"69343921a99b79e4c1979891"},"name":"Penn Championship Regular Duty","description":"Classic American balls. Perfect for clay courts and beginner players.","price":3.49,"brand":"Penn","stock":180,"category":"balls","images":["/images/Penn_Championship_Regular_Duty.jpg"],"active":true,"specifications":{"units":3,"type":"regular duty","surface":"clay court","pressure":"pressurized","approval":"USTA","color":"yellow","felt":"natural"},"date":{"$date":"2025-12-06T14:09:37.285Z"},"gender":"unisex","average_rating":3.99,"comments":[{"_id":"69343922a99b79e4c1981bb8","user_id":"6934391fa99b79e4c197700d","user_name":"Bienvenida Cases Borrell","text":"Han juan ver dan mejores muerte has sociales abril estudios.","date":{"$date":"2025-12-06T14:09:38.695Z"},"likes":11,"rating":5},{"_id":"69343922a99b79e4c1980b77","user_id":"6934391ea99b79e4c197071b","user_name":"Edmundo Alberto Nevado","text":"Encuentro enfermedad nombre llamado acerca lo decía empresas crisis tarde camino.","date":{"$date":"2025-12-06T14:09:38.493Z"},"likes":5,"rating":3},{"_id":"69343922a99b79e4c198094c","user_id":"6934391fa99b79e4c19789de","user_name":"Ariadna Villegas Casal","text":"Tipo estudios oro victoria trabajo iba sé cuarto encima estoy recuerdo solución tipo.","date":{"$date":"2025-12-06T14:09:38.474Z"},"likes":9,"rating":3},{"_id":"69343922a99b79e4c197fefb","user_id":"6934391fa99b79e4c1977115","user_name":"Marino Royo Rosales","text":"Medidas programa ello pesar barcelona quizá son términos centro atrás todo difícil frente.","date":{"$date":"2025-12-06T14:09:38.398Z"},"likes":13,"rating":4},{"_id":"69343922a99b79e4c197f766","user_id":"6934391fa99b79e4c1975118","user_name":"Dafne Blasco","text":"Conocer se encuentro técnica fácil propuesta llamado siquiera libros.","date":{"$date":"2025-12-06T14:09:38.344Z"},"likes":9,"rating":5}],"total_comments":1272,"total_ratings":1272},{"_id":{"$oid":"69343921a99b79e4c1979892"},"name":"Head Tour Team 12R Monstercombi","description":"Spacious racket bag with capacity for 12 rackets. Thermal compartment for protection against extreme temperatures.","price":89.99,"brand":"Head","stock":8,"category":"racket_bags","color":"black/blue","images":["/images/Head_Tour_Team_12R_Monstercombi.jpg"],"active":true,"specifications":{"racket_capacity":12,"compartments":3,"dimensions":"75 x 40 x 35 cm","volume":"105 liters","thermal_pocket":true,"material":"600D polyester","straps":"padded adjustable","weight":"1.2kg","accessory_pockets":2},"date":{"$date":"2025-12-06T14:09:37.288Z"},"gender":"unisex","average_rating":4.01,"comments":[{"_id":"69343922a99b79e4c1983653","user_id":"6934391ea99b79e4c1971114","user_name":"Fátima Bermúdez","text":"Personal ejemplo autor aparece realizar siguiente afirmó capital difícil para pese otros.","date":{"$date":"2025-12-06T14:09:38.919Z"},"likes":0,"rating":3},{"_id":"69343922a99b79e4c198276c","user_id":"6934391ea99b79e4c19728a4","user_name":"Vidal del Fortuny","text":"Bueno lenguaje nacional otros cosas campo tipo ante artículo había marzo luego puede exterior.","date":{"$date":"2025-12-06T14:09:38.805Z"},"likes":9,"rating":4},{"_id":"69343922a99b79e4c1981ff0","user_id":"6934391fa99b79e4c1978d89","user_name":"Chus Juan Bautista Benitez Valbuena","text":"Posición consumo televisión cinco estaban serán universidad existencia largo algunos semanas.","date":{"$date":"2025-12-06T14:09:38.741Z"},"likes":5,"rating":4},{"_id":"69343922a99b79e4c1981af2","user_id":"6934391fa99b79e4c1976e54","user_name":"Fabricio Melero Romero","text":"Mar técnica realidad vuelve tampoco debe asociación mes curso.","date":{"$date":"2025-12-06T14:09:38.686Z"},"likes":17,"rating":4},{"_id":"69343922a99b79e4c198184d","user_id":"6934391da99b79e4c196ffc5","user_name":"Lupita Pascual Gil","text":"Paz mediante diferencia evitar larga viaje hermano estuvo carácter.","date":{"$date":"2025-12-06T14:09:38.654Z"},"likes":6,"rating":3}],"total_comments":1258,"total_ratings":1258},{"_id":{"$oid":"69343921a99b79e4c1979893"},"name":"Wilson Super Tour 2 Comp","description":"Professional backpack with two main compartments. Ergonomic design for maximum comfort.","price":74.99,"brand":"Wilson","stock":12,"category":"racket_bags","color":"black/red","images":["/images/Wilson_Super_Tour_2_Comp.jpg"],"active":true,"specifications":{"racket_capacity":9,"compartments":2,"dimensions":"70 x 33 x 30 cm","volume":"69 liters","thermal_pocket":true,"material":"durable polyester","straps":"padded backpack style","weight":"0.9kg","accessory_pockets":3},"date":{"$date":"2025-12-06T14:09:37.291Z"},"gender":"unisex","average_rating":4.04,"comments":[{"_id":"69343922a99b79e4c19838be","user_id":"6934391ea99b79e4c1973794","user_name":"Isidoro Sandoval-Cózar","text":"Parece fernando tribunal mil realizar puedo hace ocho.","date":{"$date":"2025-12-06T14:09:38.944Z"},"likes":17,"rating":4},{"_id":"69343922a99b79e4c19821ae","user_id":"6934391fa99b79e4c1978b6f","user_name":"Jacinto Amaya-Sanmiguel","text":"Lugar primero aun cual toma algunas pública entonces ciencia.","date":{"$date":"2025-12-06T14:09:38.757Z"},"likes":18,"rating":4},{"_id":"69343922a99b79e4c1981f96","user_id":"6934391da99b79e4c196df66","user_name":"Victoria Perera Pedraza","text":"Iglesia instituto otras muy debe grupo revolución doctor américa trabajar niño obstante madrid sociedad información.","date":{"$date":"2025-12-06T14:09:38.738Z"},"likes":19,"rating":3},{"_id":"69343922a99b79e4c1980f09","user_id":"6934391ea99b79e4c1972470","user_name":"Dafne Haro","text":"Usted dejar o cambio construcción tanto número fuerza desarrollo precio ex río.","date":{"$date":"2025-12-06T14:09:38.546Z"},"likes":1,"rating":4},{"_id":"69343922a99b79e4c19807c9","user_id":"6934391ea99b79e4c1973c8f","user_name":"Goyo Almansa Báez","text":"Dirección dicen igual parís estos llevar ley.","date":{"$date":"2025-12-06T14:09:38.465Z"},"likes":0,"rating":5}],"total_comments":1280,"total_ratings":1280},{"_id":{"$oid":"69343921a99b79e4c1979894"},"name":"Babolat Pure Strike RH12","description":"High-capacity racket bag with modern design. Ideal for competitive players.","price":79.99,"brand":"Babolat","stock":10,"category":"racket_bags","color":"white/black/red","images":["/images/Babolat_Pure_Strike_RH12.jpg"],"active":true,"specifications":{"racket_capacity":12,"compartments":3,"dimensions":"76 x 39 x 36 cm","volume":"107 liters","thermal_pocket":true,"material":"premium polyester","straps":"reinforced padded","weight":"1.3kg","accessory_pockets":4},"date":{"$date":"2025-12-06T14:09:37.294Z"},"gender":"unisex","average_rating":3.97,"comments":[{"_id":"69343922a99b79e4c1983548","user_id":"6934391ea99b79e4c197222e","user_name":"Modesta Cal Prado","text":"Sería hace varias música ambiente resulta cinco he cierto tales principal banco.","date":{"$date":"2025-12-06T14:09:38.911Z"},"likes":4,"rating":5},{"_id":"69343922a99b79e4c198349c","user_id":"6934391ea99b79e4c1970ff8","user_name":"Loreto Milla","text":"Próximo consejo cuarto este posible artículo marzo vuelta marzo.","date":{"$date":"2025-12-06T14:09:38.906Z"},"likes":16,"rating":5},{"_id":"69343922a99b79e4c19830fa","user_id":"6934391fa99b79e4c1978d13","user_name":"Epifanio Rodriguez Hoyos","text":"Oficial puesto sur además educación grado sueño mismo comercio haciendo están dijo parecía tarde instituto propio muestra diario conocimiento.","date":{"$date":"2025-12-06T14:09:38.874Z"},"likes":13,"rating":3},{"_id":"69343922a99b79e4c1982e85","user_id":"6934391ea99b79e4c197351b","user_name":"Florina Zorrilla Seguí","text":"Marco prensa pp hay.","date":{"$date":"2025-12-06T14:09:38.855Z"},"likes":19,"rating":3},{"_id":"69343922a99b79e4c19829b3","user_id":"6934391fa99b79e4c1975f7b","user_name":"Rubén Narváez-Morales","text":"Sido estados españoles público tipos cultura propia podría miembros.","date":{"$date":"2025-12-06T14:09:38.822Z"},"likes":11,"rating":3}],"total_comments":1292,"total_ratings":1292},{"_id":{"$oid":"69343921a99b79e4c1979895"},"name":"Nike Swoosh Wristbands","description":"Classic absorbent cotton wristbands. Pair of wristbands with the iconic Swoosh logo.","price":9.99,"brand":"Nike","gender":"unisex","stock":50,"category":"wristbands","color":"white","images":["/images/Nike_Swoosh_Wristbands.jpg"],"active":true,"specifications":{"units":2,"material":"80% cotton, 15% nylon, 5% elastane","length":"8cm","width":"7cm","washable":true,"absorption":"high","elasticity":"medium"},"date":{"$date":"2025-12-06T14:09:37.297Z"},"average_rating":4.02,"comments":[{"_id":"69343922a99b79e4c198385e","user_id":"6934391fa99b79e4c1977e8a","user_name":"Ema Cañizares Blanch","text":"A aumento felipe padre.","date":{"$date":"2025-12-06T14:09:38.94Z"},"likes":1,"rating":3},{"_id":"69343922a99b79e4c1983226","user_id":"6934391ea99b79e4c1972d14","user_name":"Lilia Aguilera Becerra","text":"Carne en camino profesional toma habrá era línea.","date":{"$date":"2025-12-06T14:09:38.885Z"},"likes":20,"rating":3},{"_id":"69343922a99b79e4c1982cc8","user_id":"6934391da99b79e4c196d72e","user_name":"Ulises Palacios-Reina","text":"Momentos hacer operación primer condiciones tierra total zona sociedad chile especie quizá palabra.","date":{"$date":"2025-12-06T14:09:38.843Z"},"likes":20,"rating":4},{"_id":"69343922a99b79e4c1981fe7","user_id":"6934391ea99b79e4c1971438","user_name":"Bernardita Román Diéguez","text":"Muestra equipo ni rodríguez económica español generales una sabía central juan.","date":{"$date":"2025-12-06T14:09:38.74Z"},"likes":3,"rating":5},{"_id":"69343922a99b79e4c1981b8c","user_id":"6934391fa99b79e4c1978716","user_name":"Berta Pareja-Toro","text":"Bajo embargo hoy están mirada recursos seis hacia esfuerzo tú segundo pedro.","date":{"$date":"2025-12-06T14:09:38.693Z"},"likes":7,"rating":4}],"total_comments":1294,"total_ratings":1294},{"_id":{"$oid":"69343921a99b79e4c1979896"},"name":"Adidas Tennis Wristband Large","description":"Extra-long wristbands for maximum absorption. Ideal for players who sweat a lot.","price":11.99,"brand":"Adidas","gender":"unisex","stock":40,"category":"wristbands","color":"black","images":["/images/Adidas_Tennis_Wristband_Large.jpg"],"active":true,"specifications":{"units":2,"material":"70% cotton, 20% polyester, 10% elastane","length":"12cm","width":"8cm","washable":true,"absorption":"very high","elasticity":"high"},"date":{"$date":"2025-12-06T14:09:37.3Z"},"average_rating":4.0,"comments":[{"_id":"69343922a99b79e4c1981d69","user_id":"6934391da99b79e4c196e302","user_name":"Renata Roselló Quintanilla","text":"Recursos dinero comunidad amigo quizá aspecto futuro proyectos solo posible tanto explicó libro.","date":{"$date":"2025-12-06T14:09:38.713Z"},"likes":1,"rating":5},{"_id":"69343922a99b79e4c1981a7f","user_id":"6934391ea99b79e4c1973e23","user_name":"Isidora Ramona Ibáñez Paniagua","text":"Generales autor cuanto real nadie ha voluntad tienen parecía espacio programa capital felipe puesto.","date":{"$date":"2025-12-06T14:09:38.68Z"},"likes":7,"rating":5},{"_id":"69343922a99b79e4c1981158","user_id":"6934391fa99b79e4c1976b6d","user_name":"Cayetana Durán Navas","text":"Generales ello presencia ni diario ministro pie esa electoral cerca encontrar españoles podría mundial.","date":{"$date":"2025-12-06T14:09:38.572Z"},"likes":18,"rating":5},{"_id":"69343922a99b79e4c1980f37","user_id":"6934391fa99b79e4c1974c9c","user_name":"Jordán Loreto Gonzalez Amador","text":"Políticas alta razones república autor otros poco ejemplo buena visto.","date":{"$date":"2025-12-06T14:09:38.547Z"},"likes":11,"rating":3},{"_id":"69343922a99b79e4c1980c7f","user_id":"6934391da99b79e4c196e53b","user_name":"Andrea Ochoa-Belmonte","text":"Buena trata puesto temas busca mejor porque.","date":{"$date":"2025-12-06T14:09:38.51Z"},"likes":14,"rating":4}],"total_comments":1278,"total_ratings":1278},{"_id":{"$oid":"69343921a99b79e4c1979897"},"name":"Wilson Pro Comfort Wristbands","description":"Soft wristbands with perfect fit. Anti-odor technology for long sessions.","price":8.99,"brand":"Wilson","gender":"unisex","stock":60,"category":"wristbands","color":"navy blue","images":["/images/Wilson_Pro_Comfort_Wristbands.jpg"],"active":true,"specifications":{"units":2,"material":"75% cotton, 20% polyester, 5% spandex","length":"7.5cm","width":"7cm","washable":true,"absorption":"high","elasticity":"medium","treatment":"anti-odor"},"date":{"$date":"2025-12-06T14:09:37.303Z"},"average_rating":4.01,"comments":[{"_id":"69343922a99b79e4c19837f0","user_id":"6934391fa99b79e4c1978e36","user_name":"Hilda Bou-Pavón","text":"Paz grado pública mismos b algún encuentro población alta.","date":{"$date":"2025-12-06T14:09:38.935Z"},"likes":18,"rating":5},{"_id":"69343922a99b79e4c1983012","user_id":"6934391ea99b79e4c19703a8","user_name":"Narcisa de Rius","text":"Sido teatro rosa buena de norte precios resulta hospital idea hacia lenguaje edad.","date":{"$date":"2025-12-06T14:09:38.868Z"},"likes":4,"rating":5},{"_id":"69343922a99b79e4c1982146","user_id":"6934391fa99b79e4c1976c2f","user_name":"Vera Luque Murillo","text":"Alrededor dónde pocos tenía elecciones ciento pero cuanto septiembre programa calidad hoy algo lugar no riesgo.","date":{"$date":"2025-12-06T14:09:38.754Z"},"likes":15,"rating":3},{"_id":"69343922a99b79e4c197e68c","user_id":"6934391ea99b79e4c1972c5c","user_name":"Marcelino Rovira Gallo","text":"Volvió oro queda está día llegó eso señor análisis doctor prueba.","date":{"$date":"2025-12-06T14:09:38.213Z"},"likes":15,"rating":4},{"_id":"69343922a99b79e4c197cda1","user_id":"6934391da99b79e4c196f4dc","user_name":"Íñigo Mosquera Rosales","text":"Ambiente santiago pueda personal curso través tarde necesidad muchos supuesto deseo una artículo.","date":{"$date":"2025-12-06T14:09:38.04Z"},"likes":16,"rating":3}],"total_comments":1353,"total_ratings":1353},{"_id":{"$oid":"69343921a99b79e4c1979898"},"name":"Babolat Jumbo Wristbands","description":"Extra-large wristbands for maximum comfort. Perfect for long matches under the sun.","price":12.99,"brand":"Babolat","gender":"unisex","stock":35,"category":"wristbands","color":"yellow","images":["/images/Babolat_Jumbo_Wristbands.jpg"],"active":true,"specifications":{"units":2,"material":"85% cotton, 10% nylon, 5% elastane","length":"15cm","width":"9cm","washable":true,"absorption":"extreme","elasticity":"high"},"date":{"$date":"2025-12-06T14:09:37.306Z"},"average_rating":4.0,"comments":[{"_id":"69343922a99b79e4c1982c76","user_id":"6934391da99b79e4c196db0b","user_name":"Inmaculada Otilia Abril Berenguer","text":"Permite allí cerca educación ni sino ley estados.","date":{"$date":"2025-12-06T14:09:38.841Z"},"likes":6,"rating":3},{"_id":"69343922a99b79e4c1981d73","user_id":"6934391da99b79e4c196f028","user_name":"Maxi Blanca Mateu","text":"Sino sociedad mitad estas expresión cuenta mi g.","date":{"$date":"2025-12-06T14:09:38.714Z"},"likes":15,"rating":3},{"_id":"69343922a99b79e4c1980bbf","user_id":"6934391fa99b79e4c1974d91","user_name":"Benito Sandoval-Llorente","text":"Resultados superior pocos tribunal existencia recuerdo necesidad distintos.","date":{"$date":"2025-12-06T14:09:38.499Z"},"likes":16,"rating":3},{"_id":"69343922a99b79e4c198081c","user_id":"6934391fa99b79e4c197954e","user_name":"Gonzalo Roma Salvador","text":"Región entonces antes dentro existen conocimiento grande resultados voluntad estudio p.","date":{"$date":"2025-12-06T14:09:38.467Z"},"likes":7,"rating":4},{"_id":"69343922a99b79e4c1980047","user_id":"6934391ea99b79e4c1974072","user_name":"Yésica Delgado Bilbao","text":"Imágenes dicho grupo nadie debido veces su escuela fuerte contrario.","date":{"$date":"2025-12-06T14:09:38.409Z"},"likes":11,"rating":4}],"total_comments":1282,"total_ratings":1282},{"_id":{"$oid":"69343921a99b79e4c1979899"},"name":"Nike Court Dri-FIT Victory","description":"Short-sleeve technical shirt with Dri-FIT technology. Keeps the body dry and cool during play.","price":34.99,"brand":"Nike","gender":"unisex","category":"shirts","color":"white","images":["/images/Nike_Court_Dri-FIT_Victory.jpg"],"active":true,"sizes":["S","M","L","XL"],"stocks":[{"size":"S","stock":8},{"size":"M","stock":15},{"size":"L","stock":12},{"size":"XL","stock":6}],"specifications":{"material":"100% recycled polyester","technology":"Dri-FIT","sleeve":"short","collar":"crew neck","fit":"regular","fabric_weight":"140g/m²","seams":"flat anti-chafe"},"date":{"$date":"2025-12-06T14:09:37.309Z"},"average_rating":3.99,"comments":[{"_id":"69343922a99b79e4c1983cac","user_id":"6934391fa99b79e4c19777a3","user_name":"Teófila del Escudero","text":"Siglo ii líder recursos generales según momento.","date":{"$date":"2025-12-06T14:09:38.982Z"},"likes":8,"rating":3},{"_id":"69343922a99b79e4c1982ba3","user_id":"6934391ea99b79e4c1972225","user_name":"Claudio Ferrando","text":"Tenía música antes manuel flores tenido económica encontrar era lejos.","date":{"$date":"2025-12-06T14:09:38.835Z"},"likes":3,"rating":3},{"_id":"69343922a99b79e4c1982a74","user_id":"6934391ea99b79e4c19724ea","user_name":"Duilio de Acevedo","text":"Luis fuego línea viene diversas algo fuera.","date":{"$date":"2025-12-06T14:09:38.827Z"},"likes":5,"rating":4},{"_id":"69343922a99b79e4c1981664","user_id":"6934391ea99b79e4c1972c44","user_name":"Lola Uría Ripoll","text":"Alguna u servicio larga habla.","date":{"$date":"2025-12-06T14:09:38.63Z"},"likes":14,"rating":4},{"_id":"69343922a99b79e4c198122a","user_id":"6934391ea99b79e4c1973325","user_name":"Artemio Abril","text":"Cambio puesto relaciones investigación vida santiago exterior igual.","date":{"$date":"2025-12-06T14:09:38.581Z"},"likes":3,"rating":3}],"total_comments":1339,"total_ratings":1339},{"_id":{"$oid":"69343921a99b79e4c197989a"},"name":"Adidas Club Tennis Tee","description":"Classic shirt with AEROREADY technology. Perfect for training and casual matches.","price":29.99,"brand":"Adidas","gender":"unisex","category":"shirts","color":"black","images":["/images/Adidas_Club_Tennis_Tee.jpg"],"active":true,"sizes":["S","M","L","XL"],"stocks":[{"size":"S","stock":10},{"size":"M","stock":18},{"size":"L","stock":14},{"size":"XL","stock":9}],"specifications":{"material":"100% recycled polyester","technology":"AEROREADY","sleeve":"short","collar":"crew neck","fit":"regular","fabric_weight":"130g/m²","seams":"reinforced"},"date":{"$date":"2025-12-06T14:09:37.313Z"},"average_rating":3.99,"comments":[{"_id":"69343922a99b79e4c1983bf0","user_id":"6934391da99b79e4c196eec3","user_name":"Flavia Beltran Roig","text":"Especie mañana más conocimiento economía quedó.","date":{"$date":"2025-12-06T14:09:38.974Z"},"likes":16,"rating":3},{"_id":"69343922a99b79e4c1982dc7","user_id":"6934391ea99b79e4c1973846","user_name":"Zaida Rivera Llopis","text":"Varios cosa problema peso viaje actividades ello baja.","date":{"$date":"2025-12-06T14:09:38.85Z"},"likes":8,"rating":3},{"_id":"69343922a99b79e4c1982675","user_id":"6934391fa99b79e4c1974ec8","user_name":"Víctor Paredes-Mosquera","text":"Tipos tribunal civil formación aspecto.","date":{"$date":"2025-12-06T14:09:38.799Z"},"likes":11,"rating":5},{"_id":"69343922a99b79e4c1981c49","user_id":"6934391fa99b79e4c1976f05","user_name":"Pascual Rivera","text":"Hablar en pone lenguaje pero flores su estaban práctica lugar centro muy nuevas españoles el voz mismo.","date":{"$date":"2025-12-06T14:09:38.702Z"},"likes":5,"rating":3},{"_id":"69343922a99b79e4c1981156","user_id":"6934391ea99b79e4c1970b0a","user_name":"Rafa Salom Esteban","text":"Aspectos debe pedro voz fuerza otra memoria pregunta uno ahora.","date":{"$date":"2025-12-06T14:09:38.572Z"},"likes":4,"rating":5}],"total_comments":1312,"total_ratings":1312},{"_id":{"$oid":"69343921a99b79e4c197989b"},"name":"Lacoste Sport Breathable T-Shirt","description":"Premium shirt with the iconic crocodile. High-quality ultra-breathable fabric.","price":49.99,"brand":"Lacoste","gender":"unisex","category":"shirts","color":"navy blue","images":["/images/Lacoste_Sport_Breathable_T-Shirt.jpg"],"active":true,"sizes":["S","M","L","XL"],"stocks":[{"size":"S","stock":6},{"size":"M","stock":12},{"size":"L","stock":10},{"size":"XL","stock":5}],"specifications":{"material":"100% technical polyester","technology":"Ultra Dry","sleeve":"short","collar":"crew neck","fit":"regular","fabric_weight":"150g/m²","seams":"premium flat"},"date":{"$date":"2025-12-06T14:09:37.315Z"},"average_rating":4.02,"comments":[{"_id":"69343922a99b79e4c198399a","user_id":"6934391ea99b79e4c19722ad","user_name":"Octavio Sánchez","text":"Tales su cuales informe máximo norte ejército fin estaban cargo alrededor parecía ocho.","date":{"$date":"2025-12-06T14:09:38.954Z"},"likes":18,"rating":5},{"_id":"69343922a99b79e4c1982ed9","user_id":"6934391ea99b79e4c1972f37","user_name":"Amando Iñiguez-Gonzalez","text":"Razones hubiera película francia política desarrollo entre me.","date":{"$date":"2025-12-06T14:09:38.858Z"},"likes":0,"rating":4},{"_id":"69343922a99b79e4c198294d","user_id":"6934391fa99b79e4c1974a04","user_name":"Abril de Lucas","text":"Dijo suficiente necesario espacio dejar distintas etc argentina materia n hablar he u formas.","date":{"$date":"2025-12-06T14:09:38.819Z"},"likes":13,"rating":5},{"_id":"69343922a99b79e4c1982773","user_id":"6934391fa99b79e4c1978d0b","user_name":"Mercedes Armengol Carbajo","text":"Necesario madrid área armas cuba cierto quería español piel felipe hay tienen cuba crecimiento palabra ojos medio tierra.","date":{"$date":"2025-12-06T14:09:38.805Z"},"likes":15,"rating":5},{"_id":"69343922a99b79e4c19817d3","user_id":"6934391ea99b79e4c197205a","user_name":"Teófilo del Villalba","text":"Toma calidad persona importancia muchos i u naturaleza cabo supuesto claro s.","date":{"$date":"2025-12-06T14:09:38.648Z"},"likes":0,"rating":3}],"total_comments":1277,"total_ratings":1277},{"_id":{"$oid":"69343921a99b79e4c197989c"},"name":"Wilson Team Seamless Crew","description":"Seamless shirt for maximum comfort. Ideal for demanding players.","price":39.99,"brand":"Wilson","gender":"unisex","category":"shirts","color":"pink","images":["/images/Wilson_Team_Seamless_Crew.jpg"],"active":true,"sizes":["S","M","L","XL"],"stocks":[{"size":"S","stock":12},{"size":"M","stock":16},{"size":"L","stock":11},{"size":"XL","stock":7}],"specifications":{"material":"88% polyester, 12% elastane","technology":"NanoWik","sleeve":"short","collar":"crew neck","fit":"fitted","fabric_weight":"135g/m²","seams":"seamless"},"date":{"$date":"2025-12-06T14:09:37.317Z"},"average_rating":3.99,"comments":[{"_id":"69343922a99b79e4c19814a4","user_id":"6934391fa99b79e4c19774c6","user_name":"Juanito Nicolau Amorós","text":"Comunicación hicieron ojos marco tiempo hubo mil buscar material no año director pasar temas investigación.","date":{"$date":"2025-12-06T14:09:38.609Z"},"likes":9,"rating":3},{"_id":"69343922a99b79e4c197ed75","user_id":"6934391fa99b79e4c1976643","user_name":"Fabiana Eulalia Carrión Ordóñez","text":"Sol distintas general con llevar pasado político ese naturaleza.","date":{"$date":"2025-12-06T14:09:38.264Z"},"likes":1,"rating":3},{"_id":"69343922a99b79e4c197ea16","user_id":"6934391fa99b79e4c1978c16","user_name":"Rodolfo Roca Polo","text":"Ante semana pone media desde meses sino falta media programas pp.","date":{"$date":"2025-12-06T14:09:38.239Z"},"likes":14,"rating":3},{"_id":"69343922a99b79e4c197e6c4","user_id":"6934391fa99b79e4c1978010","user_name":"Marc Caparrós-Llorente","text":"Camino distintos toda pesetas carrera posibilidad producto profesional mira nuestro pueda la hijos conocimiento madre produce.","date":{"$date":"2025-12-06T14:09:38.214Z"},"likes":17,"rating":4},{"_id":"69343922a99b79e4c197ceaf","user_id":"6934391fa99b79e4c19795a5","user_name":"Cintia Pedrero Sanmartín","text":"Hacia pacientes ni social pero defensa interés ii sí reforma siempre principio oficial.","date":{"$date":"2025-12-06T14:09:38.046Z"},"likes":17,"rating":4}],"total_comments":1360,"total_ratings":1360},{"_id":{"$oid":"69343921a99b79e4c197989d"},"name":"Head Club Tech T-Shirt","description":"Technical shirt with excellent value for money. Perfect for all types of players.","price":24.99,"brand":"Head","gender":"unisex","category":"shirts","color":"turquoise","images":["/images/Head_Club_Tech_T-Shirt.jpg"],"active":true,"sizes":["S","M","L","XL"],"stocks":[{"size":"S","stock":9},{"size":"M","stock":14},{"size":"L","stock":13},{"size":"XL","stock":8}],"specifications":{"material":"100% polyester","technology":"Moisture Transfer Micro-Fiber","sleeve":"short","collar":"crew neck","fit":"regular","fabric_weight":"125g/m²","seams":"flat"},"date":{"$date":"2025-12-06T14:09:37.32Z"},"average_rating":3.96,"comments":[{"_id":"69343922a99b79e4c1983a97","user_id":"6934391da99b79e4c196eef5","user_name":"Maximiliano Mármol","text":"Cara parís personas ciudad mismos pocos estamos d primera siglo pacientes y garcía norte mar.","date":{"$date":"2025-12-06T14:09:38.962Z"},"likes":11,"rating":5},{"_id":"69343922a99b79e4c19839e4","user_id":"6934391ea99b79e4c197175a","user_name":"Bárbara Roselló Barreda","text":"Puesto seis tal plan jóvenes suelo palabras trata tenemos conseguir dicen actual alrededor o fin.","date":{"$date":"2025-12-06T14:09:38.956Z"},"likes":19,"rating":4},{"_id":"69343922a99b79e4c198297f","user_id":"6934391ea99b79e4c19745d4","user_name":"Ana Andrade Ferrán","text":"Investigación centros él luz principio mayo nivel existe pero octubre hizo fiscal tiene posibilidades volvió lugar electoral.","date":{"$date":"2025-12-06T14:09:38.821Z"},"likes":6,"rating":5},{"_id":"69343922a99b79e4c1982799","user_id":"6934391fa99b79e4c1977093","user_name":"Regina Yuste Valera","text":"Gente público humanos mucha importantes puso b.","date":{"$date":"2025-12-06T14:09:38.806Z"},"likes":3,"rating":3},{"_id":"69343922a99b79e4c1981fc0","user_id":"6934391da99b79e4c196fa9e","user_name":"Rafaela Báez Murcia","text":"Otro salir familia bueno presidente encontrar partes aire.","date":{"$date":"2025-12-06T14:09:38.739Z"},"likes":13,"rating":5}],"total_comments":1314,"total_ratings":1314}]
